<?xml version="1.0" encoding="UTF-8"?>
<project-private xmlns="http://www.netbeans.org/ns/project-private/1">
    <editor-bookmarks xmlns="http://www.netbeans.org/ns/editor-bookmarks/2" lastBookmarkId="0"/>
    <open-files xmlns="http://www.netbeans.org/ns/projectui-open-files/2">
        <group>
            <file>file:/C:/Users/tanus/OneDrive/Documents/NetBeansProjects/sattvagroceteria/src/register.java</file>
            <file>file:/C:/Users/tanus/OneDrive/Documents/NetBeansProjects/sattvagroceteria/src/Sendcode.java</file>
            <file>file:/C:/Users/tanus/OneDrive/Documents/NetBeansProjects/sattvagroceteria/src/LOGIN.java</file>
            <file>file:/C:/Users/tanus/OneDrive/Documents/NetBeansProjects/sattvagroceteria/src/Resetpassword.java</file>
            <file>file:/C:/Users/tanus/OneDrive/Documents/NetBeansProjects/sattvagroceteria/src/product.java</file>
            <file>file:/C:/Users/tanus/OneDrive/Documents/NetBeansProjects/sattvagroceteria/src/Invoice.java</file>
            <file>file:/C:/Users/tanus/OneDrive/Documents/NetBeansProjects/sattvagroceteria/src/JpanelLoader.java</file>
            <file>file:/C:/Users/tanus/OneDrive/Documents/NetBeansProjects/sattvagroceteria/src/DriverManager.java</file>
        </group>
    </open-files>
</project-private>
